brand_name,ds,primary_metric,secondary_metric,y,yhat_lower,yhat_upper,yhat,holiday,event_name,anomaly,time_period,metric_name,source_pair,analysis_type,rca_insight,audit_date
brand_a,2023-01-01,83597.31999999999,29584.0,0.35,0.2389635234819746,0.4667395932144896,0.35330899196535,,No Event,Pass,Weekly,medscape,spends vs clicks,DIGITAL DQ ANALYSIS,,2026-08-15 23:12:36.281541
brand_a,2023-02-01,85846.86,27826.0,0.32,0.2496259309307733,0.4690042505627765,0.3586208821252066,,No Event,Pass,Weekly,medscape,spends vs clicks,DIGITAL DQ ANALYSIS,,2026-08-15 23:12:36.281541
brand_a,2023-03-01,77081.98,26366.0,0.34,0.2681029505358072,0.4856888295316132,0.3764093905817047,,No Event,Pass,Weekly,medscape,spends vs clicks,DIGITAL DQ ANALYSIS,,2026-08-15 23:12:36.281541
brand_a,2023-04-01,89141.58000000002,27600.0,0.31,0.2252567169348183,0.4583009107966104,0.3513427693926765,,No Event,Pass,Weekly,medscape,spends vs clicks,DIGITAL DQ ANALYSIS,,2026-08-15 23:12:36.281541
brand_a,2023-05-01,93431.55999999998,28846.0,0.31,0.2316846062104958,0.4718963127987509,0.3530994464781393,,No Event,Pass,Weekly,medscape,spends vs clicks,DIGITAL DQ ANALYSIS,,2026-08-15 23:12:36.281541
brand_a,2023-06-01,102276.12,33120.0,0.32,0.2393887318629002,0.4756342023701437,0.3577513096709356,,No Event,Pass,Weekly,medscape,spends vs clicks,DIGITAL DQ ANALYSIS,,2026-08-15 23:12:36.281541
brand_a,2023-07-01,80061.6,23330.0,0.29,0.206866080239464,0.4463437439593695,0.3285445716719579,,No Event,Pass,Weekly,medscape,spends vs clicks,DIGITAL DQ ANALYSIS,,2026-08-15 23:12:36.281541
brand_a,2023-08-01,96053.77,27835.0,0.29,0.1635728607311497,0.3929755064175318,0.2760618205157044,,No Event,Pass,Weekly,medscape,spends vs clicks,DIGITAL DQ ANALYSIS,,2026-08-15 23:12:36.281541
brand_a,2023-09-01,95875.39,33335.0,0.35,0.2426605428346644,0.468286111401733,0.3562078036226496,,No Event,Pass,Weekly,medscape,spends vs clicks,DIGITAL DQ ANALYSIS,,2026-08-15 23:12:36.281541
brand_a,2023-10-01,103748.86999999998,32326.0,0.31,0.1855650922570378,0.4107690704859711,0.3024189141496887,,No Event,Pass,Weekly,medscape,spends vs clicks,DIGITAL DQ ANALYSIS,,2026-08-15 23:12:36.281541
brand_a,2023-11-01,83112.76,27833.0,0.33,0.1682243144681037,0.3996032229071336,0.280830438619973,,No Event,Pass,Weekly,medscape,spends vs clicks,DIGITAL DQ ANALYSIS,,2026-08-15 23:12:36.281541
brand_a,2023-12-01,69427.62,22021.0,0.32,0.1491588014281773,0.37871068701279,0.2672521776322528,,No Event,Pass,Weekly,medscape,spends vs clicks,DIGITAL DQ ANALYSIS,,2026-08-15 23:12:36.281541
brand_a,2024-01-01,101590.81,31609.0,0.31,0.1915847543306096,0.4233852702274902,0.3065475275348491,,No Event,Pass,Weekly,medscape,spends vs clicks,DIGITAL DQ ANALYSIS,,2026-08-15 23:12:36.281541
brand_a,2024-02-01,101767.27,33901.0,0.33,0.1859150186143002,0.4238574293171751,0.3121438256701906,,No Event,Pass,Weekly,medscape,spends vs clicks,DIGITAL DQ ANALYSIS,,2026-08-15 23:12:36.281541
brand_a,2024-03-01,89290.16,26171.0,0.29,0.1905164820204017,0.4134523192384663,0.3073957957921284,,No Event,Pass,Weekly,medscape,spends vs clicks,DIGITAL DQ ANALYSIS,,2026-08-15 23:12:36.281541
brand_a,2024-04-01,99317.25,32267.0,0.32,0.215847952561397,0.435250570560713,0.3273510295255937,,No Event,Pass,Weekly,medscape,spends vs clicks,DIGITAL DQ ANALYSIS,,2026-08-15 23:12:36.281541
brand_a,2024-05-01,109382.06,34656.0,0.32,0.1949274486628526,0.4319175027863863,0.3202205072667295,,No Event,Pass,Weekly,medscape,spends vs clicks,DIGITAL DQ ANALYSIS,,2026-08-15 23:12:36.281541
brand_a,2024-06-01,104967.09,31492.0,0.3,0.175615594197313,0.4078932573755551,0.2924073157972107,,No Event,Pass,Weekly,medscape,spends vs clicks,DIGITAL DQ ANALYSIS,,2026-08-15 23:12:36.281541
brand_a,2024-07-01,101891.82,30381.0,0.3,0.1981464655090332,0.4253919198740903,0.3098991183422259,,No Event,Pass,Weekly,medscape,spends vs clicks,DIGITAL DQ ANALYSIS,,2026-08-15 23:12:36.281541
brand_a,2024-08-01,100836.15,29180.0,0.29,0.1003208102577174,0.3324954066251361,0.2199166261212516,,No Event,Pass,Weekly,medscape,spends vs clicks,DIGITAL DQ ANALYSIS,,2026-08-15 23:12:36.281541
brand_a,2024-09-01,106859.47999999998,33190.0,0.31,0.1970190455006061,0.4152665072404302,0.3039710430763962,,No Event,Pass,Weekly,medscape,spends vs clicks,DIGITAL DQ ANALYSIS,,2026-08-15 23:12:36.281541
brand_a,2024-10-01,112115.35,34704.0,0.31,0.170428684621797,0.4198654790556246,0.3008110910347978,,No Event,Pass,Weekly,medscape,spends vs clicks,DIGITAL DQ ANALYSIS,,2026-08-15 23:12:36.281541
brand_a,2024-11-01,95969.7,28762.0,0.3,0.1139700873745806,0.3402195548420008,0.2221333404096915,,No Event,Pass,Weekly,medscape,spends vs clicks,DIGITAL DQ ANALYSIS,,2026-08-15 23:12:36.281541
brand_a,2024-12-01,77159.43000000001,22626.0,0.29,0.0888356640813486,0.321153500807904,0.2026772209137647,,No Event,Pass,Weekly,medscape,spends vs clicks,DIGITAL DQ ANALYSIS,,2026-08-15 23:12:36.281541
brand_a,2025-01-01,99483.41,32671.0,0.33,0.2122165138392456,0.4415656559381794,0.3299933127813926,New Year's Day,No Event,Holiday,Weekly,medscape,spends vs clicks,DIGITAL DQ ANALYSIS,,2026-08-15 23:12:36.281541
brand_a,2025-02-01,102522.79,32027.0,0.31,0.1746849043344769,0.4233668041840525,0.2888701574330773,,No Event,Pass,Weekly,medscape,spends vs clicks,DIGITAL DQ ANALYSIS,,2026-08-15 23:12:36.281541
brand_a,2025-03-01,101335.98,33501.0,0.33,0.1603945123722175,0.3832474859943005,0.2760503799026742,,No Event,Pass,Weekly,medscape,spends vs clicks,DIGITAL DQ ANALYSIS,,2026-08-15 23:12:36.281541
brand_a,2025-04-01,104483.05,34920.0,0.33,0.1697198946978209,0.3965697469757749,0.2811062084139929,,No Event,Pass,Weekly,medscape,spends vs clicks,DIGITAL DQ ANALYSIS,,2026-08-15 23:12:36.281541
brand_a,2025-05-01,113369.05,35840.0,0.32,0.1695204384698687,0.3947666213513117,0.2766793126789689,,No Event,Pass,Weekly,medscape,spends vs clicks,DIGITAL DQ ANALYSIS,,2026-08-15 23:12:36.281541
brand_a,2025-06-01,113017.08,33021.0,0.29,0.1537282696346336,0.3797260958136051,0.2598448278980344,,No Event,Pass,Weekly,medscape,spends vs clicks,DIGITAL DQ ANALYSIS,,2026-08-15 23:12:36.281541
brand_a,2025-07-01,111003.69,34307.0,0.31,0.1486341113253304,0.3774436784023484,0.2617812523205677,,No Event,Pass,Weekly,medscape,spends vs clicks,DIGITAL DQ ANALYSIS,,2026-08-15 23:12:36.281541
brand_a,2025-08-01,111410.61000000002,11341.0,0.1,0.0661135349430412,0.2877742828360644,0.1841620940510955,,No Event,Pass,Weekly,medscape,spends vs clicks,DIGITAL DQ ANALYSIS,,2026-08-15 23:12:36.281541
brand_a,2025-09-01,113343.89,19753.0,0.17,0.0673633084303892,0.2875346432385886,0.1700214349763329,Labor Day,No Event,Holiday,Weekly,medscape,spends vs clicks,DIGITAL DQ ANALYSIS,,2026-08-15 23:12:36.281541
brand_a,2025-10-01,171011.22999999998,39368.0,0.23,0.1358946525595133,0.3623172690397958,0.246929630004298,,No Event,Pass,Weekly,medscape,spends vs clicks,DIGITAL DQ ANALYSIS,,2026-08-15 23:12:36.281541
brand_a,2025-11-01,105527.28,6461.0,0.06,0.0769266530907222,0.3031157312619832,0.1870661535618915,,No Event,Fail,Weekly,medscape,spends vs clicks,DIGITAL DQ ANALYSIS,CLICKS experienced a below anomaly relative to its historical baseline. Primary drivers included: [CPGN NM] = BRAND_A_HCP_GOOGLEADS_INDICATION_A_BRANDED_CORE_AWARENESS (Decrease by 1.9%); [PUBLISHER] = GOOGLE ADS (Decrease by 1.8%); [INDC] = INDICATION_A (Decrease by 1.4%).,2026-08-15 23:12:36.281541
brand_a,2025-12-01,80177.2,2421.0,0.03,0.0578996884957628,0.2841194335426233,0.1699524407779704,,No Event,Fail,Weekly,medscape,spends vs clicks,DIGITAL DQ ANALYSIS,CLICKS experienced a below anomaly relative to its historical baseline. Primary drivers included: [CPGN NM] = BRAND_A_HCP_GOOGLEADS_INDICATION_B_UNBRANDED_LOWER_FUNNEL (Decrease by 1.1%); [PUBLISHER] = GOOGLE ADS (Decrease by 2.1%); [SEARCH TYPE] = BRANDED (Decrease by 1.4%).,2026-08-15 23:12:36.281541
brand_a,2023-01-01,83597.31999999999,4904657.0,58.67,44.92069379927732,73.39606284695256,59.1271901670204,,No Event,Pass,Weekly,medscape,spends vs impressions,DIGITAL DQ ANALYSIS,,2026-08-15 23:12:36.281541
brand_a,2023-02-01,85846.86,5008495.0,58.34,47.99831579884297,77.16171297479163,62.23612010663174,,No Event,Pass,Weekly,medscape,spends vs impressions,DIGITAL DQ ANALYSIS,,2026-08-15 23:12:36.281541
brand_a,2023-03-01,77081.98,4730378.0,61.37,51.4749951468828,79.52636758111376,64.97366377949758,,No Event,Pass,Weekly,medscape,spends vs impressions,DIGITAL DQ ANALYSIS,,2026-08-15 23:12:36.281541
brand_a,2023-04-01,89141.58000000002,4910473.0,55.09,43.76382048539467,73.80043247474603,59.52761231611263,,No Event,Pass,Weekly,medscape,spends vs impressions,DIGITAL DQ ANALYSIS,,2026-08-15 23:12:36.281541
brand_a,2023-05-01,93431.55999999998,5202999.0,55.69,45.548552011975005,77.45865152341572,61.04350775956689,,No Event,Pass,Weekly,medscape,spends vs impressions,DIGITAL DQ ANALYSIS,,2026-08-15 23:12:36.281541
brand_a,2023-06-01,102276.12,5727376.0,56.0,45.67810735059614,76.0226362254733,60.71709981975861,,No Event,Pass,Weekly,medscape,spends vs impressions,DIGITAL DQ ANALYSIS,,2026-08-15 23:12:36.281541
brand_a,2023-07-01,80061.6,4371338.0,54.6,43.10995335920641,73.0336243303031,58.70652813415484,,No Event,Pass,Weekly,medscape,spends vs impressions,DIGITAL DQ ANALYSIS,,2026-08-15 23:12:36.281541
brand_a,2023-08-01,96053.77,5256959.0,54.73,35.35592709281732,65.80276476469899,50.52169196736578,,No Event,Pass,Weekly,medscape,spends vs impressions,DIGITAL DQ ANALYSIS,,2026-08-15 23:12:36.281541
brand_a,2023-09-01,95875.39,5310241.0,55.39,41.4790300642315,70.56438989953683,56.28775466619268,,No Event,Pass,Weekly,medscape,spends vs impressions,DIGITAL DQ ANALYSIS,,2026-08-15 23:12:36.281541
brand_a,2023-10-01,103748.86999999998,5850161.0,56.39,40.44563903448714,67.81057789297338,53.95111405743575,,No Event,Pass,Weekly,medscape,spends vs impressions,DIGITAL DQ ANALYSIS,,2026-08-15 23:12:36.281541
brand_a,2023-11-01,83112.76,4654971.0,56.01,42.00048173996203,71.32663087461928,56.953276541613,,No Event,Pass,Weekly,medscape,spends vs impressions,DIGITAL DQ ANALYSIS,,2026-08-15 23:12:36.281541
brand_a,2023-12-01,69427.62,3848890.0,55.44,33.682678079916926,62.00421901355329,48.08322931582512,,No Event,Pass,Weekly,medscape,spends vs impressions,DIGITAL DQ ANALYSIS,,2026-08-15 23:12:36.281541
brand_a,2024-01-01,101590.81,5854539.0,57.63,41.27861956443845,72.6380604343439,57.15632354301152,,No Event,Pass,Weekly,medscape,spends vs impressions,DIGITAL DQ ANALYSIS,,2026-08-15 23:12:36.281541
brand_a,2024-02-01,101767.27,5942188.0,58.39,41.71397251263063,71.9076037602416,56.69250055609457,,No Event,Pass,Weekly,medscape,spends vs impressions,DIGITAL DQ ANALYSIS,,2026-08-15 23:12:36.281541
brand_a,2024-03-01,89290.16,5041112.0,56.46,42.75019101303761,72.17547805444941,57.24150084236337,,No Event,Pass,Weekly,medscape,spends vs impressions,DIGITAL DQ ANALYSIS,,2026-08-15 23:12:36.281541
brand_a,2024-04-01,99317.25,5877973.0,59.18,43.54967112641136,73.82653878865563,59.13386537080241,,No Event,Pass,Weekly,medscape,spends vs impressions,DIGITAL DQ ANALYSIS,,2026-08-15 23:12:36.281541
brand_a,2024-05-01,109382.06,6263645.0,57.26,41.78625351405334,72.51018975045507,57.74581307029721,,No Event,Pass,Weekly,medscape,spends vs impressions,DIGITAL DQ ANALYSIS,,2026-08-15 23:12:36.281541
brand_a,2024-06-01,104967.09,5908605.0,56.29,41.02316526754407,70.30114341245158,55.81036310175679,,No Event,Pass,Weekly,medscape,spends vs impressions,DIGITAL DQ ANALYSIS,,2026-08-15 23:12:36.281541
brand_a,2024-07-01,101891.82,5564694.0,54.61,40.72345830979468,69.51285700733227,54.80063767564253,,No Event,Pass,Weekly,medscape,spends vs impressions,DIGITAL DQ ANALYSIS,,2026-08-15 23:12:36.281541
brand_a,2024-08-01,100836.15,5423410.0,53.78,25.36047545603917,55.71004001638385,40.10732103829463,,No Event,Pass,Weekly,medscape,spends vs impressions,DIGITAL DQ ANALYSIS,,2026-08-15 23:12:36.281541
brand_a,2024-09-01,106859.47999999998,5722984.0,53.56,37.61797758370936,67.74853673306873,52.68581459184703,,No Event,Pass,Weekly,medscape,spends vs impressions,DIGITAL DQ ANALYSIS,,2026-08-15 23:12:36.281541
brand_a,2024-10-01,112115.35,6249197.0,55.74,35.19433050676013,65.62067731813164,50.987787979691554,,No Event,Pass,Weekly,medscape,spends vs impressions,DIGITAL DQ ANALYSIS,,2026-08-15 23:12:36.281541
brand_a,2024-11-01,95969.7,5122271.0,53.37,42.65223707905065,72.39514136123925,57.37385081491451,,No Event,Pass,Weekly,medscape,spends vs impressions,DIGITAL DQ ANALYSIS,,2026-08-15 23:12:36.281541
brand_a,2024-12-01,77159.43000000001,4353426.0,56.42,28.536455367632904,59.35531054909482,43.9911589900334,,No Event,Pass,Weekly,medscape,spends vs impressions,DIGITAL DQ ANALYSIS,,2026-08-15 23:12:36.281541
brand_a,2025-01-01,99483.41,5500843.0,55.29,41.34657414690924,70.09735881826208,55.29317327918625,New Year's Day,No Event,Holiday,Weekly,medscape,spends vs impressions,DIGITAL DQ ANALYSIS,,2026-08-15 23:12:36.281541
brand_a,2025-02-01,102522.79,5923702.0,57.78,40.7942182300611,70.14791158018618,55.54465608233947,,No Event,Pass,Weekly,medscape,spends vs impressions,DIGITAL DQ ANALYSIS,,2026-08-15 23:12:36.281541
brand_a,2025-03-01,101335.98,5910931.0,58.33,38.07376428825352,67.9605976737561,53.93265551201549,,No Event,Pass,Weekly,medscape,spends vs impressions,DIGITAL DQ ANALYSIS,,2026-08-15 23:12:36.281541
brand_a,2025-04-01,104483.05,6038061.0,57.79,38.69186090654934,67.09014366899125,53.38102298766697,,No Event,Pass,Weekly,medscape,spends vs impressions,DIGITAL DQ ANALYSIS,,2026-08-15 23:12:36.281541
brand_a,2025-05-01,113369.05,6660772.0,58.75,38.650651836787375,69.86808575218235,52.91965610249187,,No Event,Pass,Weekly,medscape,spends vs impressions,DIGITAL DQ ANALYSIS,,2026-08-15 23:12:36.281541
brand_a,2025-06-01,113017.08,6300726.0,55.75,36.55391740126276,65.99006140086829,51.52307263980708,,No Event,Pass,Weekly,medscape,spends vs impressions,DIGITAL DQ ANALYSIS,,2026-08-15 23:12:36.281541
brand_a,2025-07-01,111003.69,6041960.0,54.43,34.63525680903948,64.90736751846698,50.17181741846986,,No Event,Pass,Weekly,medscape,spends vs impressions,DIGITAL DQ ANALYSIS,,2026-08-15 23:12:36.281541
brand_a,2025-08-01,111410.61000000002,2202336.0,19.77,22.89846899175804,52.06299648781494,37.67615477551279,,No Event,Fail,Weekly,medscape,spends vs impressions,DIGITAL DQ ANALYSIS,IMPRESSIONS experienced a below anomaly relative to its historical baseline. Primary drivers included: [CPGN NM] = BRAND_A_HCP_GOOGLEADS_INDICATION_B_UNBRANDED_LOWER_FUNNEL (Decrease by 1.0%).,2026-08-15 23:12:36.281541
brand_a,2025-09-01,113343.89,6331408.0,55.86,42.278953716523695,70.50010427180956,55.879227450515856,Labor Day,No Event,Holiday,Weekly,medscape,spends vs impressions,DIGITAL DQ ANALYSIS,,2026-08-15 23:12:36.281541
brand_a,2025-10-01,171011.22999999998,6646680.0,38.87,32.028593600931,61.51371320817856,46.09540086714929,,No Event,Pass,Weekly,medscape,spends vs impressions,DIGITAL DQ ANALYSIS,,2026-08-15 23:12:36.281541
brand_a,2025-11-01,105527.28,5933654.0,56.23,36.28658591339463,66.12508229389255,51.319062170172025,,No Event,Pass,Weekly,medscape,spends vs impressions,DIGITAL DQ ANALYSIS,,2026-08-15 23:12:36.281541
brand_a,2025-12-01,80177.2,1571779.0,19.6,24.43213891412074,54.65332155342863,39.388158944472586,,No Event,Fail,Weekly,medscape,spends vs impressions,DIGITAL DQ ANALYSIS,IMPRESSIONS experienced a below anomaly relative to its historical baseline. Primary drivers included: [CPGN NM] = BRAND_A_HCP_GOOGLEADS_INDICATION_B_UNBRANDED_LOWER_FUNNEL (Decrease by 1.3%); [PUBLISHER] = GOOGLE ADS (Decrease by 1.5%); [SEARCH TYPE] = BRANDED (Decrease by 1.1%).,2026-08-15 23:12:36.281541
brand_b,2023-01-01,77888.95000000001,26554.0,0.34,0.235713690068098,0.4545247304510155,0.3448883554354423,,No Event,Pass,Weekly,medscape,spends vs clicks,DIGITAL DQ ANALYSIS,,2026-08-15 23:12:36.281541
brand_b,2023-02-01,76733.18,23700.0,0.31,0.2376650469715304,0.4757069686554984,0.3585060176928206,,No Event,Pass,Weekly,medscape,spends vs clicks,DIGITAL DQ ANALYSIS,,2026-08-15 23:12:36.281541
brand_b,2023-03-01,67337.2,21012.0,0.31,0.220547093976086,0.4487288638564105,0.337102365346336,,No Event,Pass,Weekly,medscape,spends vs clicks,DIGITAL DQ ANALYSIS,,2026-08-15 23:12:36.281541
brand_b,2023-04-01,78687.02,23171.0,0.29,0.2118411194099201,0.4322604820004049,0.3221513694086004,,No Event,Pass,Weekly,medscape,spends vs clicks,DIGITAL DQ ANALYSIS,,2026-08-15 23:12:36.281541
brand_b,2023-05-01,87486.29,26935.0,0.31,0.2365039135993073,0.4517168500314225,0.3435524365744997,,No Event,Pass,Weekly,medscape,spends vs clicks,DIGITAL DQ ANALYSIS,,2026-08-15 23:12:36.281541
brand_b,2023-06-01,85227.64000000001,26350.0,0.31,0.2299742965110979,0.4522061788054639,0.3436398526245489,,No Event,Pass,Weekly,medscape,spends vs clicks,DIGITAL DQ ANALYSIS,,2026-08-15 23:12:36.281541
brand_b,2023-07-01,76779.84999999999,22635.0,0.29,0.206924766231344,0.4364011612584694,0.3198673731916628,,No Event,Pass,Weekly,medscape,spends vs clicks,DIGITAL DQ ANALYSIS,,2026-08-15 23:12:36.281541
brand_b,2023-08-01,84679.06,24389.0,0.29,0.1866784899041741,0.4277616029436628,0.3003092268882076,,No Event,Pass,Weekly,medscape,spends vs clicks,DIGITAL DQ ANALYSIS,,2026-08-15 23:12:36.281541
brand_b,2023-09-01,83296.80000000002,25951.0,0.31,0.2166526441614328,0.431923368593446,0.3256734842633826,,No Event,Pass,Weekly,medscape,spends vs clicks,DIGITAL DQ ANALYSIS,,2026-08-15 23:12:36.281541
brand_b,2023-10-01,89381.69,28281.0,0.32,0.1990859308757133,0.417495017583818,0.316942228499624,,No Event,Pass,Weekly,medscape,spends vs clicks,DIGITAL DQ ANALYSIS,,2026-08-15 23:12:36.281541
brand_b,2023-11-01,73600.39,21504.0,0.29,0.1334117302608719,0.3586771208628045,0.2522066987180432,,No Event,Pass,Weekly,medscape,spends vs clicks,DIGITAL DQ ANALYSIS,,2026-08-15 23:12:36.281541
brand_b,2023-12-01,60446.05,19483.0,0.32,0.1555943353073078,0.3754427529029166,0.2659777108253855,,No Event,Pass,Weekly,medscape,spends vs clicks,DIGITAL DQ ANALYSIS,,2026-08-15 23:12:36.281541
brand_b,2024-01-01,86879.38000000002,28773.0,0.33,0.2164584095841716,0.4461575063549995,0.3249361830972774,,No Event,Pass,Weekly,medscape,spends vs clicks,DIGITAL DQ ANALYSIS,,2026-08-15 23:12:36.281541
brand_b,2024-02-01,87025.41,30235.0,0.35,0.2045575003463023,0.4318058166732497,0.3195520140394306,,No Event,Pass,Weekly,medscape,spends vs clicks,DIGITAL DQ ANALYSIS,,2026-08-15 23:12:36.281541
brand_b,2024-03-01,82646.92000000001,24435.0,0.3,0.213718902684085,0.4296133010803565,0.3269627314056525,,No Event,Pass,Weekly,medscape,spends vs clicks,DIGITAL DQ ANALYSIS,,2026-08-15 23:12:36.281541
brand_b,2024-04-01,83153.34999999999,22936.0,0.28,0.1832553430568012,0.4217059462015121,0.2970170788070914,,No Event,Pass,Weekly,medscape,spends vs clicks,DIGITAL DQ ANALYSIS,,2026-08-15 23:12:36.281541
brand_b,2024-05-01,91295.58,26647.0,0.29,0.1761913499375501,0.4106813766275814,0.2919104658151423,,No Event,Pass,Weekly,medscape,spends vs clicks,DIGITAL DQ ANALYSIS,,2026-08-15 23:12:36.281541
brand_b,2024-06-01,95562.84,28360.0,0.3,0.1857092818664896,0.4042909274330436,0.2916778340818152,,No Event,Pass,Weekly,medscape,spends vs clicks,DIGITAL DQ ANALYSIS,,2026-08-15 23:12:36.281541
brand_b,2024-07-01,82462.92000000001,26243.0,0.32,0.1945647829740824,0.4117382980238144,0.3048574494491581,,No Event,Pass,Weekly,medscape,spends vs clicks,DIGITAL DQ ANALYSIS,,2026-08-15 23:12:36.281541
brand_b,2024-08-01,90332.97,26068.0,0.29,0.1349010171314977,0.3597052477230186,0.2485442296554663,,No Event,Pass,Weekly,medscape,spends vs clicks,DIGITAL DQ ANALYSIS,,2026-08-15 23:12:36.281541
brand_b,2024-09-01,96135.61,30541.0,0.32,0.1971604124227902,0.4144202168091378,0.3045579520087371,,No Event,Pass,Weekly,medscape,spends vs clicks,DIGITAL DQ ANALYSIS,,2026-08-15 23:12:36.281541
brand_b,2024-10-01,90536.18,28970.0,0.32,0.1816953849106681,0.3926189454437204,0.2892909546905385,,No Event,Pass,Weekly,medscape,spends vs clicks,DIGITAL DQ ANALYSIS,,2026-08-15 23:12:36.281541
brand_b,2024-11-01,90044.43,29052.0,0.32,0.1325219312173154,0.3534629835953373,0.239177293916417,,No Event,Pass,Weekly,medscape,spends vs clicks,DIGITAL DQ ANALYSIS,,2026-08-15 23:12:36.281541
brand_b,2024-12-01,67786.31,21401.0,0.32,0.1115957351674015,0.3250900663183717,0.216157441504045,,No Event,Pass,Weekly,medscape,spends vs clicks,DIGITAL DQ ANALYSIS,,2026-08-15 23:12:36.281541
brand_b,2025-01-01,88426.75,27303.0,0.31,0.1930724343199032,0.4240159301185832,0.3100922303308272,New Year's Day,No Event,Holiday,Weekly,medscape,spends vs clicks,DIGITAL DQ ANALYSIS,,2026-08-15 23:12:36.281541
brand_b,2025-02-01,89731.75,28719.0,0.32,0.1906522963263137,0.4031811632979744,0.3016783121432912,,No Event,Pass,Weekly,medscape,spends vs clicks,DIGITAL DQ ANALYSIS,,2026-08-15 23:12:36.281541
brand_b,2025-03-01,89830.85,30591.0,0.34,0.1689011000254714,0.4104800701612991,0.2857340873203755,,No Event,Pass,Weekly,medscape,spends vs clicks,DIGITAL DQ ANALYSIS,,2026-08-15 23:12:36.281541
brand_b,2025-04-01,95274.84,29267.0,0.31,0.1479969795301894,0.3676637429746216,0.2605808287250697,,No Event,Pass,Weekly,medscape,spends vs clicks,DIGITAL DQ ANALYSIS,,2026-08-15 23:12:36.281541
brand_b,2025-05-01,103787.11,30982.0,0.3,0.1436662031899232,0.3794508459875456,0.2644003201152369,,No Event,Pass,Weekly,medscape,spends vs clicks,DIGITAL DQ ANALYSIS,,2026-08-15 23:12:36.281541
brand_b,2025-06-01,102908.93,30085.0,0.29,0.1489401958204114,0.3718555418485819,0.2645422173277356,,No Event,Pass,Weekly,medscape,spends vs clicks,DIGITAL DQ ANALYSIS,,2026-08-15 23:12:36.281541
brand_b,2025-07-01,93771.33,26319.0,0.28,0.1569854025592697,0.3745425381794601,0.2653419494585177,,No Event,Pass,Weekly,medscape,spends vs clicks,DIGITAL DQ ANALYSIS,,2026-08-15 23:12:36.281541
brand_b,2025-08-01,101873.6,19788.0,0.19,0.109220070006018,0.3268966869373292,0.2212440136746889,,No Event,Pass,Weekly,medscape,spends vs clicks,DIGITAL DQ ANALYSIS,,2026-08-15 23:12:36.281541
brand_b,2025-09-01,101805.64,7501.0,0.07,-0.0400904982794455,0.1880126207061802,0.0699363042598607,Labor Day,No Event,Holiday,Weekly,medscape,spends vs clicks,DIGITAL DQ ANALYSIS,,2026-08-15 23:12:36.281541
brand_b,2025-10-01,153020.64,33822.0,0.22,0.1441769690702298,0.3525874346581815,0.2539383158798168,,No Event,Pass,Weekly,medscape,spends vs clicks,DIGITAL DQ ANALYSIS,,2026-08-15 23:12:36.281541
brand_b,2025-11-01,90492.62,6944.0,0.08,0.0832659231385852,0.3091872894926561,0.1987470851157138,,No Event,Fail,Weekly,medscape,spends vs clicks,DIGITAL DQ ANALYSIS,CLICKS experienced a below anomaly relative to its historical baseline. Primary drivers included: [CPGN NM] = BRAND_B_HCP_DEEPINTENT_INDICATION_B_UNBRANDED_AUDIENCE_REACH (Decrease by 1.5%); [PUBLISHER] = DEEPINTENT (Decrease by 1.5%).,2026-08-15 23:12:36.281541
brand_b,2025-12-01,72807.90000000001,2128.0,0.03,0.0718111209982759,0.3043554559129541,0.1878993373238702,,No Event,Fail,Weekly,medscape,spends vs clicks,DIGITAL DQ ANALYSIS,CLICKS experienced a below anomaly relative to its historical baseline. Primary drivers included: [CPGN NM] = BRAND_B_HCP_GOOGLEADS_INDICATION_A_BRANDED_CORE_AWARENESS (Decrease by 3.2%); [PUBLISHER] = GOOGLE ADS (Decrease by 3.9%); [INDC] = INDICATION_A (Decrease by 2.5%); [SEARCH TYPE] = BRANDED (Decrease by 2.9%).,2026-08-15 23:12:36.281541
brand_b,2023-01-01,77888.95000000001,4678585.0,60.07,46.06587979148956,75.59083756158621,60.9289330614224,,No Event,Pass,Weekly,medscape,spends vs impressions,DIGITAL DQ ANALYSIS,,2026-08-15 23:12:36.281541
brand_b,2023-02-01,76733.18,4407937.0,57.44,48.87699049919308,77.30425717934428,62.81855033137408,,No Event,Pass,Weekly,medscape,spends vs impressions,DIGITAL DQ ANALYSIS,,2026-08-15 23:12:36.281541
brand_b,2023-03-01,67337.2,3869197.0,57.46,47.65933204321054,76.4189202428816,61.55519764807593,,No Event,Pass,Weekly,medscape,spends vs impressions,DIGITAL DQ ANALYSIS,,2026-08-15 23:12:36.281541
brand_b,2023-04-01,78687.02,4459135.0,56.67,46.49554258243438,74.85801006452378,60.739630869502925,,No Event,Pass,Weekly,medscape,spends vs impressions,DIGITAL DQ ANALYSIS,,2026-08-15 23:12:36.281541
brand_b,2023-05-01,87486.29,5148437.0,58.85,49.07524792217085,77.81569357292715,64.01114425222967,,No Event,Pass,Weekly,medscape,spends vs impressions,DIGITAL DQ ANALYSIS,,2026-08-15 23:12:36.281541
brand_b,2023-06-01,85227.64000000001,4782635.0,56.12,45.58684913578192,76.55292257844076,61.75852772708785,,No Event,Pass,Weekly,medscape,spends vs impressions,DIGITAL DQ ANALYSIS,,2026-08-15 23:12:36.281541
brand_b,2023-07-01,76779.84999999999,4118077.0,53.63,42.72597479654944,72.42990083954831,58.30914538981843,,No Event,Pass,Weekly,medscape,spends vs impressions,DIGITAL DQ ANALYSIS,,2026-08-15 23:12:36.281541
brand_b,2023-08-01,84679.06,4465183.0,52.73,38.43123852846088,67.1992579570077,53.07048249342887,,No Event,Pass,Weekly,medscape,spends vs impressions,DIGITAL DQ ANALYSIS,,2026-08-15 23:12:36.281541
brand_b,2023-09-01,83296.80000000002,4460300.0,53.55,41.076327926743744,69.3420764660947,55.28633837160443,,No Event,Pass,Weekly,medscape,spends vs impressions,DIGITAL DQ ANALYSIS,,2026-08-15 23:12:36.281541
brand_b,2023-10-01,89381.69,5159116.0,57.72,42.01888852356988,70.70748012888534,56.08148626694699,,No Event,Pass,Weekly,medscape,spends vs impressions,DIGITAL DQ ANALYSIS,,2026-08-15 23:12:36.281541
brand_b,2023-11-01,73600.39,4067444.0,55.26,38.02148399319035,65.89090455341562,51.087300979391856,,No Event,Pass,Weekly,medscape,spends vs impressions,DIGITAL DQ ANALYSIS,,2026-08-15 23:12:36.281541
brand_b,2023-12-01,60446.05,3620715.0,59.9,38.66657492297518,66.58065530510949,52.36661884084123,,No Event,Pass,Weekly,medscape,spends vs impressions,DIGITAL DQ ANALYSIS,,2026-08-15 23:12:36.281541
brand_b,2024-01-01,86879.38000000002,5064745.0,58.3,43.77653568541992,72.43307560385954,57.42482096065934,,No Event,Pass,Weekly,medscape,spends vs impressions,DIGITAL DQ ANALYSIS,,2026-08-15 23:12:36.281541
brand_b,2024-02-01,87025.41,5251014.0,60.34,43.211946479507496,72.41703152771991,57.25276232481348,,No Event,Pass,Weekly,medscape,spends vs impressions,DIGITAL DQ ANALYSIS,,2026-08-15 23:12:36.281541
brand_b,2024-03-01,82646.92000000001,4575109.0,55.36,43.933336998086446,73.20128023272916,58.39230915109626,,No Event,Pass,Weekly,medscape,spends vs impressions,DIGITAL DQ ANALYSIS,,2026-08-15 23:12:36.281541
brand_b,2024-04-01,83153.34999999999,4784901.0,57.54,44.17202843109174,71.88637842576524,57.496272413053326,,No Event,Pass,Weekly,medscape,spends vs impressions,DIGITAL DQ ANALYSIS,,2026-08-15 23:12:36.281541
brand_b,2024-05-01,91295.58,5339647.0,58.49,43.23192279425592,73.50156738043216,58.30441071331149,,No Event,Pass,Weekly,medscape,spends vs impressions,DIGITAL DQ ANALYSIS,,2026-08-15 23:12:36.281541
brand_b,2024-06-01,95562.84,5142629.0,53.81,38.04198083940289,69.90964771766001,53.780352663889744,,No Event,Pass,Weekly,medscape,spends vs impressions,DIGITAL DQ ANALYSIS,,2026-08-15 23:12:36.281541
brand_b,2024-07-01,82462.92000000001,4488878.0,54.44,38.989867687120544,67.99520180002104,53.4382959126247,,No Event,Pass,Weekly,medscape,spends vs impressions,DIGITAL DQ ANALYSIS,,2026-08-15 23:12:36.281541
brand_b,2024-08-01,90332.97,4937852.0,54.66,32.77522288828159,61.4999943741725,47.433644557863865,,No Event,Pass,Weekly,medscape,spends vs impressions,DIGITAL DQ ANALYSIS,,2026-08-15 23:12:36.281541
brand_b,2024-09-01,96135.61,5155730.0,53.63,38.16479123485888,66.04447743234661,51.91052199874153,,No Event,Pass,Weekly,medscape,spends vs impressions,DIGITAL DQ ANALYSIS,,2026-08-15 23:12:36.281541
brand_b,2024-10-01,90536.18,5116579.0,56.51,37.272112444060966,66.11619937632688,51.31649274302672,,No Event,Pass,Weekly,medscape,spends vs impressions,DIGITAL DQ ANALYSIS,,2026-08-15 23:12:36.281541
brand_b,2024-11-01,90044.43,5069857.0,56.3,33.804510227600936,63.85726349665828,48.63165287568554,,No Event,Pass,Weekly,medscape,spends vs impressions,DIGITAL DQ ANALYSIS,,2026-08-15 23:12:36.281541
brand_b,2024-12-01,67786.31,4000612.0,59.02,30.81301530668845,62.68597461658151,45.53672608507914,,No Event,Pass,Weekly,medscape,spends vs impressions,DIGITAL DQ ANALYSIS,,2026-08-15 23:12:36.281541
brand_b,2025-01-01,88426.75,5124946.0,57.96,44.218755456582,73.10762775172584,57.96998367824752,New Year's Day,No Event,Holiday,Weekly,medscape,spends vs impressions,DIGITAL DQ ANALYSIS,,2026-08-15 23:12:36.281541
brand_b,2025-02-01,89731.75,5029630.0,56.05,40.37533607930524,68.22654542356717,53.725884753167136,,No Event,Pass,Weekly,medscape,spends vs impressions,DIGITAL DQ ANALYSIS,,2026-08-15 23:12:36.281541
brand_b,2025-03-01,89830.85,5377509.0,59.86,39.45837911586451,66.69919694456608,52.714281439051824,,No Event,Pass,Weekly,medscape,spends vs impressions,DIGITAL DQ ANALYSIS,,2026-08-15 23:12:36.281541
brand_b,2025-04-01,95274.84,5322717.0,55.87,37.88799533315371,67.08107183719046,51.81696802212046,,No Event,Pass,Weekly,medscape,spends vs impressions,DIGITAL DQ ANALYSIS,,2026-08-15 23:12:36.281541
brand_b,2025-05-01,103787.11,6061723.0,58.41,40.314959977127344,68.09896422898059,53.43192218862463,,No Event,Pass,Weekly,medscape,spends vs impressions,DIGITAL DQ ANALYSIS,,2026-08-15 23:12:36.281541
brand_b,2025-06-01,102908.93,5689831.0,55.29,35.53827519636268,64.13452065661981,49.68212078591658,,No Event,Pass,Weekly,medscape,spends vs impressions,DIGITAL DQ ANALYSIS,,2026-08-15 23:12:36.281541
brand_b,2025-07-01,93771.33,4872184.0,51.96,34.49570232930622,63.46008092419423,48.31560982315907,,No Event,Pass,Weekly,medscape,spends vs impressions,DIGITAL DQ ANALYSIS,,2026-08-15 23:12:36.281541
brand_b,2025-08-01,101873.6,3630459.0,35.64,27.57836840474116,56.86329322231991,42.557811563080406,,No Event,Pass,Weekly,medscape,spends vs impressions,DIGITAL DQ ANALYSIS,,2026-08-15 23:12:36.281541
brand_b,2025-09-01,101805.64,5616719.0,55.17,41.44194722186773,70.59106995458149,55.19350861010925,Labor Day,No Event,Holiday,Weekly,medscape,spends vs impressions,DIGITAL DQ ANALYSIS,,2026-08-15 23:12:36.281541
brand_b,2025-10-01,153020.64,6006757.0,39.25,32.447012555042086,60.44523602967537,46.12578425476542,,No Event,Pass,Weekly,medscape,spends vs impressions,DIGITAL DQ ANALYSIS,,2026-08-15 23:12:36.281541
brand_b,2025-11-01,90492.62,2784346.0,30.77,29.21581878335063,57.11397481484845,42.64628491427338,,No Event,Pass,Weekly,medscape,spends vs impressions,DIGITAL DQ ANALYSIS,,2026-08-15 23:12:36.281541
brand_b,2025-12-01,72807.90000000001,1453193.0,19.96,26.96402910329749,54.1326447148132,40.99194220043634,,No Event,Fail,Weekly,medscape,spends vs impressions,DIGITAL DQ ANALYSIS,IMPRESSIONS experienced a below anomaly relative to its historical baseline. Primary drivers included: [CPGN NM] = BRAND_B_HCP_GOOGLEADS_INDICATION_A_BRANDED_CORE_AWARENESS (Decrease by 1.3%); [PUBLISHER] = GOOGLE ADS (Decrease by 1.6%); [INDC] = INDICATION_A (Decrease by 1.7%); [SEARCH TYPE] = BRANDED (Decrease by 1.9%).,2026-08-15 23:12:36.281541
brand_c,2023-01-01,58787.91,20264.0,0.34,0.233006740840184,0.4470843890045059,0.3463441904542635,,No Event,Pass,Weekly,medscape,spends vs clicks,DIGITAL DQ ANALYSIS,,2026-08-15 23:12:36.281541
brand_c,2023-02-01,60825.45,17950.0,0.3,0.2374857690339447,0.4454941010026638,0.3411050830817876,,No Event,Pass,Weekly,medscape,spends vs clicks,DIGITAL DQ ANALYSIS,,2026-08-15 23:12:36.281541
brand_c,2023-03-01,55729.64,17198.0,0.31,0.2501929946556338,0.4455647015929365,0.3468003451843783,,No Event,Pass,Weekly,medscape,spends vs clicks,DIGITAL DQ ANALYSIS,,2026-08-15 23:12:36.281541
brand_c,2023-04-01,64383.55,19942.0,0.31,0.2486199113706553,0.4581050594237196,0.347523255381365,,No Event,Pass,Weekly,medscape,spends vs clicks,DIGITAL DQ ANALYSIS,,2026-08-15 23:12:36.281541
brand_c,2023-05-01,69845.23999999999,20593.0,0.29,0.2252140186149341,0.445353098955232,0.3317874477361242,,No Event,Pass,Weekly,medscape,spends vs clicks,DIGITAL DQ ANALYSIS,,2026-08-15 23:12:36.281541
brand_c,2023-06-01,66805.48,20857.0,0.31,0.2500531135821736,0.4571848800876714,0.3509460490639348,,No Event,Pass,Weekly,medscape,spends vs clicks,DIGITAL DQ ANALYSIS,,2026-08-15 23:12:36.281541
brand_c,2023-07-01,61241.86,18519.0,0.3,0.2244418076480036,0.4325197047355439,0.3319671037658392,,No Event,Pass,Weekly,medscape,spends vs clicks,DIGITAL DQ ANALYSIS,,2026-08-15 23:12:36.281541
brand_c,2023-08-01,71597.23,22145.0,0.31,0.2168465342210907,0.41155703827154,0.3095688022334392,,No Event,Pass,Weekly,medscape,spends vs clicks,DIGITAL DQ ANALYSIS,,2026-08-15 23:12:36.281541
brand_c,2023-09-01,67560.29999999999,22098.0,0.33,0.2218153475025286,0.4308985587270699,0.3356350283355024,,No Event,Pass,Weekly,medscape,spends vs clicks,DIGITAL DQ ANALYSIS,,2026-08-15 23:12:36.281541
brand_c,2023-10-01,73913.75,22764.0,0.31,0.1752554988021816,0.3872872957204091,0.2794315947912565,,No Event,Pass,Weekly,medscape,spends vs clicks,DIGITAL DQ ANALYSIS,,2026-08-15 23:12:36.281541
brand_c,2023-11-01,63665.51,20486.0,0.32,0.1824936462695,0.388485821906759,0.2837768785323869,,No Event,Pass,Weekly,medscape,spends vs clicks,DIGITAL DQ ANALYSIS,,2026-08-15 23:12:36.281541
brand_c,2023-12-01,50342.77,15582.0,0.31,0.1517324977369823,0.3616560436380046,0.2575096587980675,,No Event,Pass,Weekly,medscape,spends vs clicks,DIGITAL DQ ANALYSIS,,2026-08-15 23:12:36.281541
brand_c,2024-01-01,70550.54000000001,23256.0,0.33,0.2207261838732109,0.4302992531360706,0.3235564451850444,,No Event,Pass,Weekly,medscape,spends vs clicks,DIGITAL DQ ANALYSIS,,2026-08-15 23:12:36.281541
brand_c,2024-02-01,71543.99,23240.0,0.32,0.1877734638790887,0.4026940221807484,0.2994158805460045,,No Event,Pass,Weekly,medscape,spends vs clicks,DIGITAL DQ ANALYSIS,,2026-08-15 23:12:36.281541
brand_c,2024-03-01,66180.39,19780.0,0.3,0.2211865598404916,0.4287320413370971,0.3214478716226285,,No Event,Pass,Weekly,medscape,spends vs clicks,DIGITAL DQ ANALYSIS,,2026-08-15 23:12:36.281541
brand_c,2024-04-01,73548.31,22076.0,0.3,0.1988902571586279,0.4069034429095549,0.3028163513260475,,No Event,Pass,Weekly,medscape,spends vs clicks,DIGITAL DQ ANALYSIS,,2026-08-15 23:12:36.281541
brand_c,2024-05-01,76692.16,23541.0,0.31,0.2060240287925455,0.4149845650248757,0.3095513174825302,,No Event,Pass,Weekly,medscape,spends vs clicks,DIGITAL DQ ANALYSIS,,2026-08-15 23:12:36.281541
brand_c,2024-06-01,74515.54000000001,22421.0,0.3,0.1924076331113977,0.4056601037776609,0.3002362555643942,,No Event,Pass,Weekly,medscape,spends vs clicks,DIGITAL DQ ANALYSIS,,2026-08-15 23:12:36.281541
brand_c,2024-07-01,69952.82999999999,20646.0,0.3,0.1952160732380242,0.4037247383384982,0.2974838362929975,,No Event,Pass,Weekly,medscape,spends vs clicks,DIGITAL DQ ANALYSIS,,2026-08-15 23:12:36.281541
brand_c,2024-08-01,76622.15,23564.0,0.31,0.1528245473548545,0.3662994764838826,0.2673870989884982,,No Event,Pass,Weekly,medscape,spends vs clicks,DIGITAL DQ ANALYSIS,,2026-08-15 23:12:36.281541
brand_c,2024-09-01,77714.24,23292.0,0.3,0.1962352123323904,0.3991749893019701,0.2945566735706977,,No Event,Pass,Weekly,medscape,spends vs clicks,DIGITAL DQ ANALYSIS,,2026-08-15 23:12:36.281541
brand_c,2024-10-01,74078.88,23310.0,0.31,0.1573810384288307,0.3547716212389286,0.255448882951748,,No Event,Pass,Weekly,medscape,spends vs clicks,DIGITAL DQ ANALYSIS,,2026-08-15 23:12:36.281541
brand_c,2024-11-01,70458.51000000001,21909.0,0.31,0.1556783346092593,0.363826053298494,0.2580186558968529,,No Event,Pass,Weekly,medscape,spends vs clicks,DIGITAL DQ ANALYSIS,,2026-08-15 23:12:36.281541
brand_c,2024-12-01,59236.55,18611.0,0.31,0.1196318847932252,0.3284900370828089,0.2250213669972792,,No Event,Pass,Weekly,medscape,spends vs clicks,DIGITAL DQ ANALYSIS,,2026-08-15 23:12:36.281541
brand_c,2025-01-01,71300.48,25338.0,0.36,0.258807217942291,0.46677037233671,0.3599726898107894,New Year's Day,No Event,Holiday,Weekly,medscape,spends vs clicks,DIGITAL DQ ANALYSIS,,2026-08-15 23:12:36.281541
brand_c,2025-02-01,78608.57,23525.0,0.3,0.1796172088663322,0.3753272749657613,0.2791431349260911,,No Event,Pass,Weekly,medscape,spends vs clicks,DIGITAL DQ ANALYSIS,,2026-08-15 23:12:36.281541
brand_c,2025-03-01,75161.25,25530.0,0.34,0.1744235672796927,0.3820205520660679,0.2816182593256935,,No Event,Pass,Weekly,medscape,spends vs clicks,DIGITAL DQ ANALYSIS,,2026-08-15 23:12:36.281541
brand_c,2025-04-01,79722.37,25101.0,0.31,0.1602256636152273,0.3755831962100508,0.2694694771551006,,No Event,Pass,Weekly,medscape,spends vs clicks,DIGITAL DQ ANALYSIS,,2026-08-15 23:12:36.281541
brand_c,2025-05-01,83454.52,25726.0,0.31,0.1716777806534229,0.3789679705060406,0.2686733902238802,,No Event,Pass,Weekly,medscape,spends vs clicks,DIGITAL DQ ANALYSIS,,2026-08-15 23:12:36.281541
brand_c,2025-06-01,81003.26,24846.0,0.31,0.169890153227361,0.3783138970328505,0.2688422820756215,,No Event,Pass,Weekly,medscape,spends vs clicks,DIGITAL DQ ANALYSIS,,2026-08-15 23:12:36.281541
brand_c,2025-07-01,79716.11,23280.0,0.29,0.1483836399325467,0.3744264622161412,0.2607755323572338,,No Event,Pass,Weekly,medscape,spends vs clicks,DIGITAL DQ ANALYSIS,,2026-08-15 23:12:36.281541
brand_c,2025-08-01,85467.56000000003,16112.0,0.19,0.1151459195968696,0.3380527178245452,0.2332254586331507,,No Event,Pass,Weekly,medscape,spends vs clicks,DIGITAL DQ ANALYSIS,,2026-08-15 23:12:36.281541
brand_c,2025-09-01,81142.32999999999,13475.0,0.17,0.0699164318779655,0.2792447440080794,0.1700326194398125,Labor Day,No Event,Holiday,Weekly,medscape,spends vs clicks,DIGITAL DQ ANALYSIS,,2026-08-15 23:12:36.281541
brand_c,2025-10-01,168794.96,22043.0,0.13,0.1148358355067659,0.3193333158042667,0.2152657396680124,,No Event,Pass,Weekly,medscape,spends vs clicks,DIGITAL DQ ANALYSIS,,2026-08-15 23:12:36.281541
brand_c,2025-11-01,74806.25,9992.0,0.13,0.1124467050868029,0.3322947136629099,0.2182894667964022,,No Event,Pass,Weekly,medscape,spends vs clicks,DIGITAL DQ ANALYSIS,,2026-08-15 23:12:36.281541
brand_c,2025-12-01,57748.61,3013.0,0.05,0.083447028916091,0.3016489462246168,0.187369489805605,,No Event,Fail,Weekly,medscape,spends vs clicks,DIGITAL DQ ANALYSIS,CLICKS experienced a below anomaly relative to its historical baseline. Primary drivers included: [CPGN NM] = BRAND_C_HCP_GOOGLEADS_INDICATION_B_UNBRANDED_LOWER_FUNNEL (Decrease by 2.7%); [PUBLISHER] = DEEPINTENT (Decrease by 1.4%); [INDC] = INDICATION_B (Decrease by 4.1%); [SEARCH TYPE] = UNBRANDED (Decrease by 4.1%).,2026-08-15 23:12:36.281541
brand_c,2023-01-01,58787.91,3352298.0,57.02,45.38997925968391,71.69994859489316,58.51892915268655,,No Event,Pass,Weekly,medscape,spends vs impressions,DIGITAL DQ ANALYSIS,,2026-08-15 23:12:36.281541
brand_c,2023-02-01,60825.45,3423636.0,56.29,47.9490283063646,73.53192826743539,60.871290447273296,,No Event,Pass,Weekly,medscape,spends vs impressions,DIGITAL DQ ANALYSIS,,2026-08-15 23:12:36.281541
brand_c,2023-03-01,55729.64,3297626.0,59.17,48.13337866414668,74.65905094035445,62.048251863007366,,No Event,Pass,Weekly,medscape,spends vs impressions,DIGITAL DQ ANALYSIS,,2026-08-15 23:12:36.281541
brand_c,2023-04-01,64383.55,3550768.0,55.15,45.577741723481125,71.37644272799695,59.01025130202304,,No Event,Pass,Weekly,medscape,spends vs impressions,DIGITAL DQ ANALYSIS,,2026-08-15 23:12:36.281541
brand_c,2023-05-01,69845.23999999999,3906672.0,55.93,47.26567213377826,73.22739476376086,60.33307424966301,,No Event,Pass,Weekly,medscape,spends vs impressions,DIGITAL DQ ANALYSIS,,2026-08-15 23:12:36.281541
brand_c,2023-06-01,66805.48,3759381.0,56.27,47.06331323372081,71.87020987217001,60.203569278745015,,No Event,Pass,Weekly,medscape,spends vs impressions,DIGITAL DQ ANALYSIS,,2026-08-15 23:12:36.281541
brand_c,2023-07-01,61241.86,3412072.0,55.71,46.184965923546976,72.33162647158908,59.463024988488726,,No Event,Pass,Weekly,medscape,spends vs impressions,DIGITAL DQ ANALYSIS,,2026-08-15 23:12:36.281541
brand_c,2023-08-01,71597.23,3830619.0,53.5,37.901982058351216,65.05101633814323,51.908081591479416,,No Event,Pass,Weekly,medscape,spends vs impressions,DIGITAL DQ ANALYSIS,,2026-08-15 23:12:36.281541
brand_c,2023-09-01,67560.29999999999,3752511.0,55.54,43.267887397018505,69.03690949146453,55.97195560882991,,No Event,Pass,Weekly,medscape,spends vs impressions,DIGITAL DQ ANALYSIS,,2026-08-15 23:12:36.281541
brand_c,2023-10-01,73913.75,4137396.0,55.98,36.922415127855,61.04068364142733,49.199125532759936,,No Event,Pass,Weekly,medscape,spends vs impressions,DIGITAL DQ ANALYSIS,,2026-08-15 23:12:36.281541
brand_c,2023-11-01,63665.51,3644422.0,57.24,43.72691473462007,70.11459927206252,57.548829743438176,,No Event,Pass,Weekly,medscape,spends vs impressions,DIGITAL DQ ANALYSIS,,2026-08-15 23:12:36.281541
brand_c,2023-12-01,50342.77,2807705.0,55.77,37.343008010122254,64.2925634714879,50.8552439880677,,No Event,Pass,Weekly,medscape,spends vs impressions,DIGITAL DQ ANALYSIS,,2026-08-15 23:12:36.281541
brand_c,2024-01-01,70550.54000000001,4124321.0,58.46,44.14101036313554,71.12327144119618,56.95915430207236,,No Event,Pass,Weekly,medscape,spends vs impressions,DIGITAL DQ ANALYSIS,,2026-08-15 23:12:36.281541
brand_c,2024-02-01,71543.99,4272401.0,59.72,45.08581587365196,69.15765244228265,57.06978804474589,,No Event,Pass,Weekly,medscape,spends vs impressions,DIGITAL DQ ANALYSIS,,2026-08-15 23:12:36.281541
brand_c,2024-03-01,66180.39,3676460.0,55.55,44.03189705947344,69.64371263357386,56.69873608051605,,No Event,Pass,Weekly,medscape,spends vs impressions,DIGITAL DQ ANALYSIS,,2026-08-15 23:12:36.281541
brand_c,2024-04-01,73548.31,4377920.0,59.52,47.82552750988335,73.94433795838019,60.31258696290077,,No Event,Pass,Weekly,medscape,spends vs impressions,DIGITAL DQ ANALYSIS,,2026-08-15 23:12:36.281541
brand_c,2024-05-01,76692.16,4305902.0,56.15,43.19653649621818,71.00410008869126,56.77511097198572,,No Event,Pass,Weekly,medscape,spends vs impressions,DIGITAL DQ ANALYSIS,,2026-08-15 23:12:36.281541
brand_c,2024-06-01,74515.54000000001,4101115.0,55.04,42.35492235299857,67.73131127066401,54.88642805357495,,No Event,Pass,Weekly,medscape,spends vs impressions,DIGITAL DQ ANALYSIS,,2026-08-15 23:12:36.281541
brand_c,2024-07-01,69952.82999999999,3775763.0,53.98,41.665040311898935,67.72032808275067,55.06427417093404,,No Event,Pass,Weekly,medscape,spends vs impressions,DIGITAL DQ ANALYSIS,,2026-08-15 23:12:36.281541
brand_c,2024-08-01,76622.15,4227473.0,55.17,35.069285713187504,60.701784014546334,48.07672899534912,,No Event,Pass,Weekly,medscape,spends vs impressions,DIGITAL DQ ANALYSIS,,2026-08-15 23:12:36.281541
brand_c,2024-09-01,77714.24,4116761.0,52.97,38.96922916201007,64.90051599688192,52.54766976081261,,No Event,Pass,Weekly,medscape,spends vs impressions,DIGITAL DQ ANALYSIS,,2026-08-15 23:12:36.281541
brand_c,2024-10-01,74078.88,4215582.0,56.91,31.178921650317783,56.94761472437264,44.33251699264951,,No Event,Pass,Weekly,medscape,spends vs impressions,DIGITAL DQ ANALYSIS,,2026-08-15 23:12:36.281541
brand_c,2024-11-01,70458.51000000001,3816062.0,54.16,44.77195505243739,70.24311904201947,57.28836456773468,,No Event,Pass,Weekly,medscape,spends vs impressions,DIGITAL DQ ANALYSIS,,2026-08-15 23:12:36.281541
brand_c,2024-12-01,59236.55,3378421.0,57.03,36.03908083987711,61.74944660948699,50.05679937391222,,No Event,Pass,Weekly,medscape,spends vs impressions,DIGITAL DQ ANALYSIS,,2026-08-15 23:12:36.281541
brand_c,2025-01-01,71300.48,4173655.0,58.54,46.65739006503587,70.8200841707365,58.49034297512262,New Year's Day,No Event,Holiday,Weekly,medscape,spends vs impressions,DIGITAL DQ ANALYSIS,,2026-08-15 23:12:36.281541
brand_c,2025-02-01,78608.57,4422134.0,56.26,41.97261856572564,67.5377024011575,54.2558470986932,,No Event,Pass,Weekly,medscape,spends vs impressions,DIGITAL DQ ANALYSIS,,2026-08-15 23:12:36.281541
brand_c,2025-03-01,75161.25,4349436.0,57.87,41.59284969708617,66.42324489340524,53.78453270132263,,No Event,Pass,Weekly,medscape,spends vs impressions,DIGITAL DQ ANALYSIS,,2026-08-15 23:12:36.281541
brand_c,2025-04-01,79722.37,4773729.0,59.88,41.163565813429855,67.55598326735978,55.16293464366593,,No Event,Pass,Weekly,medscape,spends vs impressions,DIGITAL DQ ANALYSIS,,2026-08-15 23:12:36.281541
brand_c,2025-05-01,83454.52,4863467.0,58.28,40.27617634105685,66.13852478239662,53.20409127705668,,No Event,Pass,Weekly,medscape,spends vs impressions,DIGITAL DQ ANALYSIS,,2026-08-15 23:12:36.281541
brand_c,2025-06-01,81003.26,4515654.0,55.75,39.87810029875563,65.09691843955767,51.9185239242485,,No Event,Pass,Weekly,medscape,spends vs impressions,DIGITAL DQ ANALYSIS,,2026-08-15 23:12:36.281541
brand_c,2025-07-01,79716.11,4518365.0,56.68,38.43888302699813,64.95343807409328,51.80874623448583,,No Event,Pass,Weekly,medscape,spends vs impressions,DIGITAL DQ ANALYSIS,,2026-08-15 23:12:36.281541
brand_c,2025-08-01,85467.56000000003,3075898.0,35.99,31.06920340857584,56.30439444027655,44.63060045530621,,No Event,Pass,Weekly,medscape,spends vs impressions,DIGITAL DQ ANALYSIS,,2026-08-15 23:12:36.281541
brand_c,2025-09-01,81142.32999999999,4576017.0,56.39,42.78370994648237,69.01220690079175,56.34014788177693,Labor Day,No Event,Holiday,Weekly,medscape,spends vs impressions,DIGITAL DQ ANALYSIS,,2026-08-15 23:12:36.281541
brand_c,2025-10-01,168794.96,3703080.0,21.94,27.523915875949527,53.04202086240559,41.23925795577623,,No Event,Fail,Weekly,medscape,spends vs impressions,DIGITAL DQ ANALYSIS,IMPRESSIONS experienced a below anomaly relative to its historical baseline. Primary drivers included: [CPGN NM] = BRAND_C_HCP_GOOGLEADS_INDICATION_A_BRANDED_CORE_AWARENESS (Decrease by 2.2%); [PUBLISHER] = GOOGLE ADS (Decrease by 2.1%); [INDC] = INDICATION_A (Decrease by 1.6%); [SEARCH TYPE] = BRANDED (Decrease by 2.7%).,2026-08-15 23:12:36.281541
brand_c,2025-11-01,74806.25,4200712.0,56.15,38.50368548586805,66.73856319865106,52.65820801467872,,No Event,Pass,Weekly,medscape,spends vs impressions,DIGITAL DQ ANALYSIS,,2026-08-15 23:12:36.281541
brand_c,2025-12-01,57748.61,1948287.0,33.74,32.577141226777385,58.91647625321175,45.54600959643929,,No Event,Pass,Weekly,medscape,spends vs impressions,DIGITAL DQ ANALYSIS,,2026-08-15 23:12:36.281541
